{
  "terms": [
    "logging",
    "failure",
    "may",
    "omit",
    "audit",
    "events",
    "local",
    "denial",
    "service",
    "via",
    "malformed",
    "configuration",
    "file",
    "kernel",
    "heap",
    "overflow",
    "reachable",
    "guest",
    "vm",
    "corruption",
    "during",
    "image",
    "parsing",
    "tls",
    "supports",
    "deprecated",
    "cipher",
    "suites",
    "out",
    "bounds",
    "read",
    "reveals",
    "memory",
    "contents",
    "cross",
    "site",
    "scripting",
    "help",
    "page",
    "broken",
    "access",
    "control",
    "allows",
    "viewing",
    "other",
    "tenants",
    "invoices",
    "sensitive",
    "data",
    "exposure",
    "when",
    "exporting",
    "csv",
    "sql",
    "injection",
    "reporting",
    "module",
    "exposes",
    "customer",
    "records",
    "unauthorized",
    "weak",
    "default",
    "credentials",
    "firmware",
    "buffer",
    "allowing",
    "persistent",
    "implant",
    "typo",
    "about",
    "dialog",
    "privilege",
    "escalation",
    "through",
    "setuid",
    "helper",
    "misconfiguration",
    "crafted",
    "packet",
    "sequence"
  ],
  "class_log_prior": {
    "LOW": -2.2512917986064953,
    "MEDIUM": -0.8649974374866046,
    "HIGH": -1.1526795099383855,
    "CRITICAL": -1.845826690498331
  },
  "class_log_likelihoods": {
    "LOW": [
      -4.430816798843313,
      -4.430816798843313,
      -4.430816798843313,
      -4.430816798843313,
      -4.430816798843313,
      -4.430816798843313,
      -4.430816798843313,
      -4.430816798843313,
      -4.430816798843313,
      -4.430816798843313,
      -4.430816798843313,
      -4.430816798843313,
      -4.430816798843313,
      -4.430816798843313,
      -4.430816798843313,
      -4.430816798843313,
      -4.430816798843313,
      -4.430816798843313,
      -4.430816798843313,
      -4.430816798843313,
      -4.430816798843313,
      -4.430816798843313,
      -4.430816798843313,
      -4.430816798843313,
      -4.430816798843313,
      -4.430816798843313,
      -4.430816798843313,
      -4.430816798843313,
      -4.430816798843313,
      -4.430816798843313,
      -4.430816798843313,
      -4.430816798843313,
      -4.430816798843313,
      -4.430816798843313,
      -4.430816798843313,
      -4.430816798843313,
      -4.430816798843313,
      -4.430816798843313,
      -4.430816798843313,
      -4.430816798843313,
      -4.430816798843313,
      -4.430816798843313,
      -4.430816798843313,
      -4.430816798843313,
      -4.430816798843313,
      -4.430816798843313,
      -4.430816798843313,
      -4.430816798843313,
      -4.430816798843313,
      -4.430816798843313,
      -4.430816798843313,
      -4.430816798843313,
      -4.430816798843313,
      -4.430816798843313,
      -4.430816798843313,
      -4.430816798843313,
      -4.430816798843313,
      -4.430816798843313,
      -4.430816798843313,
      -4.430816798843313,
      -4.430816798843313,
      -4.430816798843313,
      -4.430816798843313,
      -4.430816798843313,
      -4.430816798843313,
      -4.430816798843313,
      -4.430816798843313,
      -4.430816798843313,
      -4.430816798843313,
      -3.7376696182833684,
      -3.7376696182833684,
      -3.7376696182833684,
      -4.430816798843313,
      -4.430816798843313,
      -4.430816798843313,
      -4.430816798843313,
      -4.430816798843313,
      -4.430816798843313,
      -4.430816798843313,
      -4.430816798843313,
      -4.430816798843313
    ],
    "MEDIUM": [
      -4.119037174812472,
      -4.119037174812472,
      -4.119037174812472,
      -4.119037174812472,
      -4.119037174812472,
      -4.119037174812472,
      -4.119037174812472,
      -4.119037174812472,
      -4.119037174812472,
      -3.713572066704308,
      -4.119037174812472,
      -3.713572066704308,
      -4.119037174812472,
      -4.812184355372417,
      -4.812184355372417,
      -4.812184355372417,
      -4.812184355372417,
      -4.812184355372417,
      -4.812184355372417,
      -4.812184355372417,
      -4.812184355372417,
      -4.812184355372417,
      -4.812184355372417,
      -4.119037174812472,
      -4.119037174812472,
      -4.119037174812472,
      -4.119037174812472,
      -4.119037174812472,
      -4.119037174812472,
      -4.119037174812472,
      -4.119037174812472,
      -4.119037174812472,
      -4.119037174812472,
      -4.119037174812472,
      -4.119037174812472,
      -4.119037174812472,
      -4.119037174812472,
      -4.119037174812472,
      -4.119037174812472,
      -4.812184355372417,
      -4.119037174812472,
      -4.812184355372417,
      -4.812184355372417,
      -4.812184355372417,
      -4.812184355372417,
      -4.812184355372417,
      -4.812184355372417,
      -4.119037174812472,
      -4.119037174812472,
      -4.119037174812472,
      -4.119037174812472,
      -4.119037174812472,
      -4.119037174812472,
      -4.812184355372417,
      -4.812184355372417,
      -4.812184355372417,
      -4.812184355372417,
      -4.812184355372417,
      -4.812184355372417,
      -4.812184355372417,
      -4.119037174812472,
      -4.119037174812472,
      -4.119037174812472,
      -4.119037174812472,
      -4.812184355372417,
      -4.812184355372417,
      -4.812184355372417,
      -4.812184355372417,
      -4.812184355372417,
      -4.812184355372417,
      -4.812184355372417,
      -4.812184355372417,
      -4.812184355372417,
      -4.812184355372417,
      -4.812184355372417,
      -4.812184355372417,
      -4.812184355372417,
      -4.812184355372417,
      -4.812184355372417,
      -4.812184355372417,
      -4.812184355372417
    ],
    "HIGH": [
      -4.727387818712341,
      -4.727387818712341,
      -4.727387818712341,
      -4.727387818712341,
      -4.727387818712341,
      -4.727387818712341,
      -4.727387818712341,
      -4.034240638152395,
      -4.034240638152395,
      -4.034240638152395,
      -4.727387818712341,
      -4.727387818712341,
      -4.727387818712341,
      -4.727387818712341,
      -4.034240638152395,
      -4.727387818712341,
      -4.727387818712341,
      -4.727387818712341,
      -4.727387818712341,
      -4.034240638152395,
      -4.034240638152395,
      -4.034240638152395,
      -4.034240638152395,
      -4.727387818712341,
      -4.727387818712341,
      -4.727387818712341,
      -4.727387818712341,
      -4.727387818712341,
      -4.727387818712341,
      -4.727387818712341,
      -4.727387818712341,
      -4.727387818712341,
      -4.727387818712341,
      -4.727387818712341,
      -4.727387818712341,
      -4.727387818712341,
      -4.727387818712341,
      -4.727387818712341,
      -4.727387818712341,
      -4.034240638152395,
      -4.034240638152395,
      -4.034240638152395,
      -4.034240638152395,
      -4.034240638152395,
      -4.034240638152395,
      -4.034240638152395,
      -4.034240638152395,
      -4.727387818712341,
      -4.727387818712341,
      -4.727387818712341,
      -4.727387818712341,
      -4.727387818712341,
      -4.727387818712341,
      -4.034240638152395,
      -4.034240638152395,
      -4.034240638152395,
      -4.034240638152395,
      -4.034240638152395,
      -4.034240638152395,
      -4.034240638152395,
      -4.727387818712341,
      -4.727387818712341,
      -4.727387818712341,
      -4.727387818712341,
      -4.727387818712341,
      -4.727387818712341,
      -4.727387818712341,
      -4.727387818712341,
      -4.727387818712341,
      -4.727387818712341,
      -4.727387818712341,
      -4.727387818712341,
      -4.034240638152395,
      -4.034240638152395,
      -4.034240638152395,
      -4.034240638152395,
      -4.034240638152395,
      -4.034240638152395,
      -4.034240638152395,
      -4.034240638152395,
      -4.034240638152395
    ],